,y
0,0.6857283457074168
1,1.589401359430369
2,1.934923394089145
3,1.1588277470094328
4,0.4624679540817462
5,0.36146920548918093
6,0.7229384109783619
7,0.4730994013020163
8,0.5103094665729613
9,0.6538340040466066
10,1.552191294159424
11,0.9196201845533574
12,0.3242591402182358
13,1.2970365608729433
14,0.2817333513371557
15,1.892397605208065
16,1.6957158316330694
17,1.2332478775513231
18,1.196037812280378
19,1.0631447220270027
20,1.4830868872276688
21,0.6804126220972817
22,0.49967801935269135
23,0.8930415665026824
24,1.110986234518218
25,0.17541887913445545
26,1.0418818275864625
27,2.732281935609397
28,1.0312503803661925
29,0.48904657213242125
30,1.530928399718884
31,0.9515145262141675
32,0.2232603916256706
33,0.21794466801553555
34,0.781411370689847
35,0.8452000540114672
36,0.9568302498243025
37,0.3455220346587759
38,0.2764176277270207
39,1.8392403691067147
40,1.4299296511263186
41,0.388047823539856
42,0.3189434166081008
43,1.190722088670243
44,0.14884026108378037
45,0.5156251901830963
46,0.9089887373330874
47,0.44120505964120615
48,0.8930415665026824
49,0.3136276929979658
50,1.903029052428335
51,0.8664629484520072
52,0.2657861805067507
53,0.5422038082337713
54,0.6485182804364716
55,0.9568302498243025
56,1.2598264956019982
57,0.5581509790641764
58,1.1269334053486229
59,1.6904001080229345
60,1.488402610837804
61,0.4358893360310711
62,1.2491950483817282
63,1.9189762232587397
64,0.5794138735047164
65,1.0578289984168678
66,1.7382416205141495
67,1.9402391176992801
68,1.3714566914148336
69,2.8385964078120973
70,1.142880576179028
71,2.2538668106972457
72,0.7282541345884969
73,0.6378868332162017
74,0.36146920548918093
75,0.6006767679452565
76,1.0365661039763276
77,0.7282541345884969
78,0.5315723610135014
79,0.20731322079526554
80,0.9461988026040326
81,0.4358893360310711
82,1.265142219212133
83,0.6910440693175518
84,0.7920428179101171
85,0.39867927076012605
86,0.7973585415202521
87,0.8664629484520072
88,0.09568302498243025
89,0.30299624577769574
90,1.9615020121398201
91,1.934923394089145
92,0.39336354714999106
93,1.6850843844127994
94,1.2491950483817282
95,0.1116301958128353
96,0.3136276929979658
97,0.3295748638283708
98,0.1594717083040504
99,1.1056705109080829
100,0.2764176277270207
101,0.372100652709451
102,1.0099874859256526
103,0.1541559846939154
104,1.1481962997891628
105,0.48373084852228626
106,0.9249359081634924
107,0.39867927076012605
108,2.0465535899019804
109,1.2226164303310532
110,1.142880576179028
111,0.7282541345884969
112,0.8186214359607922
113,1.4618239927871288
114,0.4358893360310711
115,0.9515145262141675
116,1.4671397163972637
117,0.2285761152358056
118,0.24452328606621063
119,0.6006767679452565
120,0.2232603916256706
121,0.1594717083040504
122,0.2817333513371557
123,1.6850843844127994
124,0.2711019041168857
125,1.1641434706195681
126,0.0
127,0.4465207832513412
128,1.2598264956019982
129,0.07442013054189019
130,0.26047045689661563
131,0.5262566374033664
132,1.3395623497540234
133,0.9993560387053827
134,0.8239371595709272
135,0.8292528831810622
136,1.1269334053486229
137,1.0365661039763276
138,0.6910440693175518
139,0.5156251901830963
140,0.2338918388459406
141,1.0312503803661925
142,1.913660499648605
143,1.0099874859256526
144,1.1163019581283529
145,0.8079899887405221
146,0.5315723610135014
147,0.9408830789938976
148,0.5315723610135014
149,1.488402610837804
150,0.2711019041168857
151,0.9993560387053827
152,0.5156251901830963
153,0.3667849290993159
154,1.0578289984168678
155,0.9143044609432224
156,0.13289309025337534
157,0.9780931442648425
158,1.9880806301904954
159,1.132249128958758
160,1.2864051136526733
161,0.4093107179803961
162,0.9249359081634924
163,1.3395623497540234
164,0.6804126220972817
165,0.6219396623857966
166,0.6591497276567416
167,0.2657861805067507
168,0.5953610443351215
169,0.382732099929721
170,2.062500760732385
171,1.2810893900425384
172,1.0259346567560577
173,1.6585057663621243
174,0.2764176277270207
175,0.5687824262844464
176,1.4352453747364537
177,1.2864051136526733
178,0.5049937429628263
179,0.8877258428925474
180,0.9249359081634924
181,0.6644654512668767
182,1.3501937969742934
183,0.6325711096060666
184,0.2870490749472907
185,1.3395623497540234
186,0.8133057123506572
187,0.29768052216756075
188,0.8186214359607922
189,0.6006767679452565
190,1.0631447220270027
191,1.2438793247715931
192,1.0525132748067327
193,0.9674616970445725
194,0.7920428179101171
195,0.9302516317736274
196,0.3295748638283708
197,1.0099874859256526
198,0.9515145262141675
199,0.48373084852228626
200,0.37741637631958597
201,0.8026742651303871
202,0.34020631104864085
203,2.221972469036436
204,1.7488730677344195
205,0.6166239387756616
206,1.488402610837804
207,0.09568302498243025
208,0.23920756245607563
209,0.48904657213242125
210,1.2438793247715931
211,1.589401359430369
212,0.10099874859256526
213,0.6910440693175518
214,0.9568302498243025
215,0.8186214359607922
216,0.0797358541520252
217,0.3083119693878308
218,1.169459194229703
219,1.578769912210099
220,0.4358893360310711
221,0.8770943956722772
222,0.2711019041168857
223,1.4937183344479388
224,0.3508377582689109
225,0.2711019041168857
226,0.40399499437026104
227,1.0418818275864625
228,0.9515145262141675
229,0.30299624577769574
230,0.34020631104864085
231,0.4146264415905311
232,0.23920756245607563
233,0.3083119693878308
234,1.3342466261438886
235,0.3455220346587759
236,1.546875570549289
237,0.19668177357499553
238,1.589401359430369
239,0.4093107179803961
240,0.5422038082337713
241,0.6591497276567416
242,1.0790918928574078
243,0.7548327526391719
244,1.6372428719215844
245,0.5209409137932313
246,1.1056705109080829
247,0.48904657213242125
248,0.18073460274459047
249,0.2764176277270207
250,0.8079899887405221
251,2.5781259509154815
252,0.40399499437026104
253,1.1747749178398381
254,1.3448780733641585
255,0.24983900967634567
256,0.8558315012317372
257,2.5781259509154815
258,0.44120505964120615
259,2.0146592482411703
260,0.3295748638283708
261,0.12226164303310531
262,1.8073460274459048
263,0.738885581808767
264,1.7382416205141495
265,0.1913660499648605
266,0.47841512491215127
267,0.20731322079526554
268,0.388047823539856
269,0.19668177357499553
270,2.8758064730830424
271,0.39867927076012605
272,1.3129837317033484
273,0.7282541345884969
274,0.3667849290993159
275,0.1647874319141854
276,0.372100652709451
277,0.4146264415905311
278,1.4937183344479388
279,1.3182994553134832
280,0.4305736124209361
281,1.1481962997891628
282,0.20199749718513052
283,0.7282541345884969
284,0.8824101192824123
285,0.5049937429628263
286,0.48904657213242125
287,0.26047045689661563
288,0.10099874859256526
289,0.5209409137932313
290,0.8770943956722772
291,0.9674616970445725
292,0.6538340040466066
293,0.6910440693175518
294,0.8452000540114672
295,0.372100652709451
296,0.4571522304716112
297,1.2385636011614582
298,0.25515473328648064
299,0.1594717083040504
300,0.30299624577769574
301,1.9508705649195501
302,1.7807674093952295
303,1.0684604456371378
304,0.30299624577769574
305,0.4252578888108011
306,0.5953610443351215
307,2.0890793787830604
308,0.18073460274459047
309,0.5687824262844464
310,0.5634667026743114
311,1.1747749178398381
312,0.5687824262844464
313,0.24983900967634567
314,1.7541887913445544
315,0.4146264415905311
316,0.10099874859256526
317,0.26047045689661563
318,1.0312503803661925
319,0.6697811748770117
320,0.6166239387756616
321,0.9461988026040326
322,1.3555095205844285
323,0.17010315552432043
324,0.7973585415202521
325,0.4571522304716112
326,0.20199749718513052
327,1.3448780733641585
328,0.10099874859256526
329,0.5422038082337713
330,1.7435573441242844
331,0.39867927076012605
332,0.10099874859256526
333,0.3189434166081008
334,0.5422038082337713
335,1.7382416205141495
336,1.1375648525688928
337,1.185406365060108
338,1.6372428719215844
339,0.5156251901830963
340,0.6113082151655266
341,1.1269334053486229
342,0.8664629484520072
343,0.2657861805067507
344,1.3236151789236184
345,0.6059924915553915
346,0.8398843304013323
347,0.5209409137932313
348,0.4518365068614762
349,0.7867270942999821
350,1.196037812280378
351,1.3820881386351036
352,0.4252578888108011
353,0.30299624577769574
354,0.5262566374033664
355,0.9621459734344375
356,0.8717786720621422
357,0.738885581808767
358,0.5900453207249865
359,1.121617681738488
360,0.6113082151655266
361,0.1647874319141854
362,2.2379196398668406
363,0.1169459194229703
364,0.776095647079712
365,0.2764176277270207
366,1.546875570549289
367,1.4299296511263186
368,1.0206189331459226
369,0.5103094665729613
370,0.6910440693175518
371,0.3455220346587759
372,2.657861805067507
373,0.2870490749472907
374,1.142880576179028
375,0.5953610443351215
376,0.5740981498945814
377,0.1169459194229703
378,1.3608252441945634
379,0.8398843304013323
380,1.3820881386351036
381,0.2711019041168857
382,0.8292528831810622
383,0.3189434166081008
384,0.3242591402182358
385,0.5740981498945814
386,0.2817333513371557
387,0.6804126220972817
388,0.3242591402182358
389,1.1003547872979478
390,0.6538340040466066
391,0.12757736664324032
392,0.6591497276567416
393,2.0518693135121153
394,0.7867270942999821
395,0.6857283457074168
396,0.9355673553837623
397,0.9940403150952477
398,1.4618239927871288
399,1.110986234518218
400,1.4565082691769937
401,0.6325711096060666
402,0.2232603916256706
403,0.21794466801553555
404,0.3083119693878308
405,0.3136276929979658
406,0.5103094665729613
407,0.6697811748770117
408,0.4677836776918812
409,1.9083447760384697
410,0.4677836776918812
411,0.8877258428925474
412,0.8717786720621422
413,0.2764176277270207
414,0.25515473328648064
415,0.6857283457074168
416,1.121617681738488
417,1.3820881386351036
418,0.6644654512668767
419,0.29236479855742575
420,0.8611472248418722
421,1.514981228888479
422,0.8026742651303871
423,0.29236479855742575
424,0.5368880846236364
425,0.8345686067911972
426,1.525612676108749
427,1.7913988566154995
428,0.09568302498243025
429,0.44120505964120615
430,0.5209409137932313
431,0.5794138735047164
432,1.217300706720918
433,1.0099874859256526
434,0.5156251901830963
435,0.35615348187904594
436,0.19668177357499553
437,0.1541559846939154
438,0.9993560387053827
439,1.6425585955317192
440,0.39867927076012605
441,0.14352453747364535
442,0.5740981498945814
443,0.6804126220972817
444,0.2285761152358056
445,0.14352453747364535
446,0.6325711096060666
447,0.36146920548918093
448,0.760148476249307
449,1.6372428719215844
450,0.5368880846236364
451,0.3189434166081008
452,0.3242591402182358
453,0.2338918388459406
454,1.557507017769559
455,0.3295748638283708
456,0.5634667026743114
457,1.3236151789236184
458,1.121617681738488
459,1.562822741379694
460,1.0844076164675427
461,0.6432025568263366
462,1.8498718163269847
463,1.1003547872979478
464,1.530928399718884
465,0.8239371595709272
466,0.5422038082337713
467,0.4146264415905311
468,0.13820881386351036
469,0.6378868332162017
470,0.40399499437026104
471,0.4305736124209361
472,0.24983900967634567
473,1.6638214899722592
474,1.8498718163269847
475,1.557507017769559
476,0.5262566374033664
477,1.0631447220270027
478,0.9780931442648425
479,0.7973585415202521
480,0.7176226873682269
481,0.20731322079526554
482,0.36146920548918093
483,0.7548327526391719
484,1.6053485302607742
485,2.3282869412391363
486,1.142880576179028
487,0.4305736124209361
488,0.34020631104864085
489,1.0365661039763276
490,1.9083447760384697
491,0.26047045689661563
492,0.3136276929979658
493,0.5528352554540414
494,1.3767724150249685
495,0.9940403150952477
496,0.5740981498945814
497,0.29768052216756075
498,1.2704579428222682
499,0.3136276929979658
500,1.8551875399371198
501,2.2166567454263006
502,0.2711019041168857
503,1.0046717623155177
504,1.0844076164675427
505,0.5209409137932313
506,0.34020631104864085
507,0.49967801935269135
508,1.3927195858553736
509,1.1163019581283529
510,0.25515473328648064
511,0.5687824262844464
512,0.8079899887405221
513,0.5422038082337713
514,0.6644654512668767
515,0.6325711096060666
516,0.8664629484520072
517,0.14884026108378037
518,0.08505157776216021
519,2.360181282899946
520,1.3501937969742934
521,1.6691372135823943
522,1.9189762232587397
523,0.5687824262844464
524,0.19668177357499553
525,1.913660499648605
526,0.9887245914851125
527,0.39867927076012605
528,1.4405610983465886
529,0.4146264415905311
530,0.13820881386351036
531,0.24452328606621063
532,0.5900453207249865
533,0.2764176277270207
534,0.6432025568263366
535,1.2545107719918631
536,0.770779923469577
537,0.41994216520066613
538,2.4292856898317012
539,0.5847295971148515
540,0.8026742651303871
541,0.9249359081634924
542,0.3189434166081008
543,0.21794466801553555
544,0.2285761152358056
545,0.8186214359607922
546,0.48904657213242125
547,1.0897233400776778
548,1.8392403691067147
549,0.41994216520066613
550,0.9727774206547075
551,0.6804126220972817
552,0.39336354714999106
553,0.4518365068614762
554,0.49436229574255625
555,0.12226164303310531
556,0.3189434166081008
557,0.3295748638283708
558,0.5422038082337713
559,0.39336354714999106
560,0.24452328606621063
561,0.5156251901830963
562,0.5368880846236364
563,0.1594717083040504
564,0.5847295971148515
565,0.23920756245607563
566,1.132249128958758
567,0.5847295971148515
568,0.10099874859256526
569,0.9408830789938976
570,0.7973585415202521
571,0.3136276929979658
572,0.7123069637580919
573,0.5634667026743114
574,0.9408830789938976
575,1.7063472788533394
576,1.3820881386351036
577,0.7229384109783619
578,0.9355673553837623
579,0.5900453207249865
580,0.6219396623857966
581,1.2226164303310532
582,0.23920756245607563
583,0.6910440693175518
584,0.7335698581986319
585,1.8764504343776598
586,0.9940403150952477
587,0.1169459194229703
588,0.4518365068614762
589,0.1541559846939154
590,0.30299624577769574
591,0.2657861805067507
592,0.5156251901830963
593,1.3448780733641585
594,0.24452328606621063
595,1.4830868872276688
596,0.5528352554540414
597,1.2864051136526733
598,0.2657861805067507
599,1.142880576179028
600,1.6957158316330694
601,1.913660499648605
602,2.0146592482411703
603,0.8345686067911972
604,0.48373084852228626
605,1.4937183344479388
606,0.33489058743850586
607,0.2657861805067507
608,1.6638214899722592
609,0.13820881386351036
610,0.8611472248418722
611,0.6378868332162017
612,0.7016755165378218
613,0.7123069637580919
614,0.6963597929276868
615,2.1475523384945454
616,1.8605032635472547
617,1.956186288529685
618,0.388047823539856
619,1.201353535890513
620,0.738885581808767
621,1.3501937969742934
622,1.169459194229703
623,0.2711019041168857
624,0.2870490749472907
625,1.913660499648605
626,0.6113082151655266
627,0.9993560387053827
628,0.6272553859959316
629,0.5581509790641764
630,0.5368880846236364
631,0.30299624577769574
632,0.9461988026040326
633,1.8817661579877951
634,1.153512023399298
635,2.381444177340486
636,0.8452000540114672
637,0.6059924915553915
638,0.8133057123506572
639,0.40399499437026104
640,0.5475195318439063
641,0.26047045689661563
642,1.7967145802256348
643,0.26047045689661563
644,0.5422038082337713
645,1.600032806650639
646,0.3508377582689109
647,0.8239371595709272
648,0.8079899887405221
649,0.1594717083040504
650,1.4830868872276688
651,0.6804126220972817
652,0.9621459734344375
653,1.2757736664324033
654,0.6538340040466066
655,0.2285761152358056
656,0.8133057123506572
657,1.217300706720918
658,1.6904001080229345
659,1.196037812280378
660,0.6059924915553915
661,1.6212957010911793
662,0.8824101192824123
663,0.3189434166081008
664,0.8239371595709272
665,0.3455220346587759
666,0.3508377582689109
667,0.9674616970445725
668,0.6644654512668767
669,0.1860503263547255
670,0.9834088678749775
671,0.2817333513371557
672,0.6750968984871467
673,1.4033510330756436
674,1.7116630024634745
675,0.8398843304013323
676,0.9568302498243025
677,0.5156251901830963
678,1.2704579428222682
679,1.211984983110783
680,1.2438793247715931
681,1.3448780733641585
682,1.201353535890513
683,1.8339246454965799
684,0.2870490749472907
685,0.3455220346587759
686,0.8133057123506572
687,1.3820881386351036
688,0.34020631104864085
689,0.9568302498243025
690,0.8983572901128174
691,0.24983900967634567
692,1.2332478775513231
693,1.3501937969742934
694,0.21794466801553555
695,0.9727774206547075
696,1.6266114247013144
697,1.6531900427519892
698,0.6325711096060666
699,1.7913988566154995
700,1.0525132748067327
701,0.7176226873682269
702,1.8339246454965799
703,1.3129837317033484
704,1.4458768219567237
705,1.7435573441242844
706,0.29768052216756075
707,0.5847295971148515
708,0.49967801935269135
709,0.6006767679452565
710,0.9727774206547075
711,0.382732099929721
712,0.8292528831810622
713,0.12757736664324032
714,1.2970365608729433
715,0.12226164303310531
716,1.0418818275864625
717,0.9834088678749775
718,1.3342466261438886
719,1.0206189331459226
720,0.7495170290290369
721,1.6425585955317192
722,0.6485182804364716
723,0.13289309025337534
724,0.9887245914851125
725,0.6059924915553915
726,0.9727774206547075
727,0.7229384109783619
728,0.5103094665729613
729,1.3661409678046985
730,0.5900453207249865
731,0.48904657213242125
732,1.977449182970225
733,0.6113082151655266
734,0.9249359081634924
735,0.8133057123506572
736,1.0525132748067327
737,1.1003547872979478
738,0.48904657213242125
739,1.2332478775513231
740,1.8977133288181998
741,1.0418818275864625
742,1.4139824802959136
743,1.8711347107675247
744,2.338918388459406
745,1.8020303038357695
746,1.265142219212133
747,0.9674616970445725
748,1.557507017769559
749,2.4664957551026463
750,0.4146264415905311
751,0.6272553859959316
752,0.8505157776216022
753,1.3555095205844285
754,0.7548327526391719
755,0.5475195318439063
756,0.7920428179101171
757,0.4571522304716112
758,1.0950390636878127
759,1.0631447220270027
760,0.3455220346587759
761,0.9302516317736274
762,1.2332478775513231
763,0.33489058743850586
764,0.5740981498945814
765,0.12226164303310531
766,0.8345686067911972
767,0.34020631104864085
768,0.3508377582689109
769,1.562822741379694
770,0.9515145262141675
771,0.8239371595709272
772,0.6432025568263366
773,0.7229384109783619
774,1.7169787260736094
775,0.5368880846236364
776,1.169459194229703
777,0.35615348187904594
778,1.3661409678046985
779,0.5262566374033664
780,0.4730994013020163
781,1.6425585955317192
782,1.0897233400776778
783,0.2870490749472907
784,0.5103094665729613
785,0.6166239387756616
786,0.9780931442648425
787,1.903029052428335
788,0.3508377582689109
789,0.3083119693878308
790,0.33489058743850586
791,0.9515145262141675
792,1.6585057663621243
793,0.26047045689661563
794,0.9302516317736274
795,0.6591497276567416
796,0.7495170290290369
797,0.4677836776918812
798,0.3667849290993159
799,0.23920756245607563
800,0.6644654512668767
801,2.434601413441836
802,0.48373084852228626
803,0.6591497276567416
804,0.23920756245607563
805,0.40399499437026104
806,2.1050265496134655
807,2.1316051676641403
808,0.2232603916256706
809,0.9674616970445725
810,0.8770943956722772
811,1.217300706720918
812,0.7335698581986319
813,0.9993560387053827
814,0.2657861805067507
815,0.24452328606621063
816,1.0153032095357877
817,0.9674616970445725
818,1.3023522844830784
819,0.2817333513371557
820,1.2970365608729433
821,0.9302516317736274
822,0.6432025568263366
823,0.5581509790641764
824,1.7860831330053648
825,0.744201305418902
826,0.9940403150952477
827,1.966817735749955
828,1.3023522844830784
829,1.265142219212133
830,1.211984983110783
831,0.5528352554540414
832,0.2711019041168857
833,0.30299624577769574
834,1.1588277470094328
835,1.0631447220270027
836,0.5262566374033664
837,0.07442013054189019
838,1.8817661579877951
839,0.8186214359607922
840,1.211984983110783
841,0.9036730137229524
842,0.29236479855742575
843,0.40399499437026104
844,0.5103094665729613
845,1.7063472788533394
846,0.5900453207249865
847,1.6372428719215844
848,0.5315723610135014
849,0.3242591402182358
850,0.35615348187904594
851,0.9461988026040326
852,0.9621459734344375
853,0.5209409137932313
854,0.8877258428925474
855,1.5947170830405042
856,0.9780931442648425
857,1.6957158316330694
858,0.5900453207249865
859,1.4192982039060487
860,0.2764176277270207
861,0.5368880846236364
862,0.4305736124209361
863,0.6272553859959316
864,1.4458768219567237
865,0.6910440693175518
866,1.1056705109080829
867,0.1116301958128353
868,0.5156251901830963
869,0.776095647079712
870,1.4671397163972637
871,0.770779923469577
872,0.765464199859442
873,0.7548327526391719
874,0.6006767679452565
875,1.1269334053486229
876,0.372100652709451
877,0.3189434166081008
878,1.4990340580580739
879,0.9727774206547075
880,2.5568630564749415
881,1.0259346567560577
882,0.2870490749472907
883,1.6957158316330694
884,0.33489058743850586
885,0.2232603916256706
886,0.21262894440540056
887,1.5681384649898291
888,1.1163019581283529
889,1.600032806650639
890,0.4624679540817462
891,1.504349781668209
892,1.945554841309415
893,0.6485182804364716
894,0.5794138735047164
895,0.8026742651303871
896,1.201353535890513
897,0.3455220346587759
898,0.6644654512668767
899,0.5368880846236364
900,1.3236151789236184
901,1.3980353094655087
902,0.6963597929276868
903,1.8870818815979298
904,0.9727774206547075
905,1.2704579428222682
906,0.5368880846236364
907,0.13820881386351036
908,0.6272553859959316
909,0.5368880846236364
910,0.10099874859256526
911,0.4624679540817462
912,0.8983572901128174
913,0.781411370689847
914,0.12757736664324032
915,0.3455220346587759
916,1.0737761692472727
917,0.12226164303310531
918,0.372100652709451
919,0.6697811748770117
920,0.41994216520066613
921,1.7169787260736094
922,1.0578289984168678
923,0.21794466801553555
924,1.4565082691769937
925,0.10099874859256526
926,0.3136276929979658
927,0.2232603916256706
928,1.7169787260736094
929,1.169459194229703
930,0.4730994013020163
931,0.9834088678749775
932,0.5528352554540414
933,1.4618239927871288
934,0.12226164303310531
935,1.7169787260736094
936,1.4033510330756436
937,0.5049937429628263
938,1.211984983110783
939,0.13820881386351036
940,1.2757736664324033
941,1.4724554400073988
942,2.083763655172925
943,0.7176226873682269
944,1.2279321539411883
945,2.062500760732385
946,1.8658189871573898
947,0.4730994013020163
948,0.5262566374033664
949,1.7595045149546895
950,1.2279321539411883
951,2.0678164843425204
952,0.6219396623857966
953,0.4624679540817462
954,0.4465207832513412
955,0.41994216520066613
956,0.07442013054189019
957,1.2385636011614582
958,0.6963597929276868
959,1.4671397163972637
960,1.153512023399298
961,0.18073460274459047
962,0.4093107179803961
963,1.520296952498614
964,0.6857283457074168
965,0.372100652709451
966,0.36146920548918093
967,0.6485182804364716
968,2.732281935609397
969,0.5475195318439063
970,1.0046717623155177
971,0.781411370689847
972,0.8558315012317372
973,1.8817661579877951
974,1.4405610983465886
975,0.8452000540114672
976,0.6644654512668767
977,0.12226164303310531
978,0.9196201845533574
979,0.5900453207249865
980,0.14352453747364535
981,0.738885581808767
982,2.291076875968191
983,0.20199749718513052
984,0.9674616970445725
985,0.8239371595709272
986,0.382732099929721
987,0.8186214359607922
988,0.5368880846236364
989,0.39867927076012605
990,0.388047823539856
991,0.2711019041168857
992,0.5262566374033664
993,0.4146264415905311
994,1.2385636011614582
995,2.0518693135121153
996,0.7282541345884969
997,0.5422038082337713
998,0.8079899887405221
999,1.7701359621749595
1000,1.0153032095357877
1001,0.4465207832513412
1002,0.17010315552432043
1003,0.2657861805067507
1004,0.25515473328648064
1005,1.488402610837804
1006,0.5049937429628263
1007,0.18073460274459047
1008,0.4146264415905311
1009,0.19668177357499553
1010,0.8505157776216022
1011,1.5681384649898291
1012,1.8870818815979298
1013,0.39867927076012605
1014,0.5209409137932313
1015,1.2598264956019982
1016,0.48373084852228626
1017,2.4186542426114315
1018,1.0418818275864625
1019,1.3767724150249685
1020,1.4565082691769937
1021,0.5315723610135014
1022,0.6113082151655266
1023,1.5947170830405042
1024,0.7123069637580919
1025,1.2704579428222682
1026,0.29768052216756075
1027,0.33489058743850586
1028,1.99339635380063
1029,0.3455220346587759
1030,0.5368880846236364
1031,1.0790918928574078
1032,0.4093107179803961
1033,1.4192982039060487
1034,2.8758064730830424
1035,0.13820881386351036
1036,2.1369208912742756
1037,0.49436229574255625
1038,1.2279321539411883
1039,0.49967801935269135
1040,0.3455220346587759
1041,1.7063472788533394
1042,1.966817735749955
1043,0.8026742651303871
1044,0.13820881386351036
1045,1.1269334053486229
1046,1.4990340580580739
1047,0.5900453207249865
1048,0.26047045689661563
1049,1.4990340580580739
1050,0.6219396623857966
1051,0.4465207832513412
1052,1.0897233400776778
1053,0.7867270942999821
1054,0.9780931442648425
1055,0.24452328606621063
1056,1.8445560927168498
1057,0.6166239387756616
1058,0.9036730137229524
1059,0.05315723610135014
1060,1.7329258969040144
1061,0.2232603916256706
1062,0.9993560387053827
1063,0.1594717083040504
1064,0.5794138735047164
1065,0.2657861805067507
1066,0.1116301958128353
1067,1.2385636011614582
1068,1.7488730677344195
1069,0.21262894440540056
1070,0.25515473328648064
1071,0.20199749718513052
1072,1.562822741379694
1073,2.2113410218161658
1074,0.4146264415905311
1075,0.5528352554540414
1076,0.9780931442648425
1077,1.541559846939154
1078,0.35615348187904594
1079,0.5475195318439063
1080,0.3295748638283708
1081,0.7069912401479568
1082,0.5953610443351215
1083,0.760148476249307
1084,2.264498257917516
1085,2.02529069546144
1086,0.6272553859959316
1087,2.083763655172925
1088,0.8186214359607922
1089,2.4186542426114315
1090,1.892397605208065
1091,1.8339246454965799
1092,1.121617681738488
1093,0.3189434166081008
1094,2.4771272023229165
1095,1.3395623497540234
1096,0.5103094665729613
1097,1.4299296511263186
1098,0.5953610443351215
1099,0.2338918388459406
1100,0.9036730137229524
1101,1.8658189871573898
1102,0.8877258428925474
1103,0.5262566374033664
1104,1.4618239927871288
1105,0.5049937429628263
1106,2.041237866291845
1107,0.4358893360310711
1108,0.48904657213242125
1109,0.6006767679452565
1110,0.6219396623857966
1111,0.5634667026743114
1112,1.4033510330756436
1113,0.1647874319141854
1114,1.610664253870909
1115,0.48373084852228626
1116,0.5368880846236364
1117,1.5681384649898291
1118,0.39336354714999106
1119,1.3555095205844285
1120,1.4086667566857787
1121,1.4192982039060487
1122,1.0578289984168678
1123,0.7335698581986319
1124,1.488402610837804
1125,0.12757736664324032
1126,0.4730994013020163
1127,0.4677836776918812
1128,0.29236479855742575
1129,0.17010315552432043
1130,0.5581509790641764
1131,0.2711019041168857
1132,1.2757736664324033
1133,0.5581509790641764
1134,0.372100652709451
1135,1.5734541885999642
1136,1.562822741379694
1137,1.2545107719918631
1138,0.8717786720621422
1139,0.765464199859442
1140,0.14884026108378037
1141,1.2438793247715931
1142,0.5794138735047164
1143,0.7495170290290369
1144,1.2438793247715931
1145,0.8398843304013323
1146,0.44120505964120615
1147,1.4192982039060487
1148,1.0631447220270027
1149,1.2970365608729433
1150,0.9940403150952477
1151,1.4565082691769937
1152,0.30299624577769574
1153,0.7495170290290369
1154,1.1481962997891628
1155,0.5049937429628263
1156,0.5103094665729613
1157,1.5734541885999642
1158,1.4405610983465886
1159,1.6797686608026645
1160,1.190722088670243
1161,1.0471975511965976
1162,0.6113082151655266
1163,0.18073460274459047
1164,0.6485182804364716
1165,0.5422038082337713
1166,1.7382416205141495
1167,1.211984983110783
1168,0.2870490749472907
1169,1.0790918928574078
1170,0.4730994013020163
1171,1.0046717623155177
1172,1.6319271483114492
1173,1.2332478775513231
1174,0.4465207832513412
1175,1.600032806650639
1176,0.1647874319141854
1177,1.2226164303310532
1178,0.9408830789938976
1179,0.781411370689847
1180,0.3242591402182358
1181,0.2711019041168857
1182,0.8558315012317372
1183,0.17541887913445545
1184,3.141592653589793
1185,0.776095647079712
1186,1.7913988566154995
1187,0.6750968984871467
1188,1.3236151789236184
1189,0.8239371595709272
1190,0.8079899887405221
1191,0.8983572901128174
1192,0.9302516317736274
1193,0.7867270942999821
1194,0.5687824262844464
1195,0.9036730137229524
1196,2.402707071781026
1197,1.1481962997891628
1198,1.8498718163269847
1199,2.2751297051377857
1200,0.2870490749472907
1201,0.3083119693878308
1202,1.0153032095357877
1203,1.0312503803661925
1204,1.4511925455668588
1205,1.1375648525688928
1206,0.9196201845533574
1207,0.1913660499648605
1208,0.2817333513371557
1209,1.2704579428222682
1210,1.121617681738488
1211,1.578769912210099
1212,0.9196201845533574
1213,0.4146264415905311
1214,1.7648202385648246
1215,0.5794138735047164
1216,1.0153032095357877
1217,1.0206189331459226
1218,0.6538340040466066
1219,0.7867270942999821
1220,0.5315723610135014
1221,0.3136276929979658
1222,1.0578289984168678
1223,0.39336354714999106
1224,0.2711019041168857
1225,0.5475195318439063
1226,0.7495170290290369
1227,0.7548327526391719
1228,0.765464199859442
1229,0.8770943956722772
1230,1.6478743191418543
1231,0.7867270942999821
1232,0.4624679540817462
1233,0.19668177357499553
1234,0.4305736124209361
1235,0.34020631104864085
1236,1.201353535890513
1237,0.48904657213242125
1238,0.5528352554540414
1239,0.2657861805067507
1240,1.7222944496837445
1241,0.39867927076012605
1242,0.6432025568263366
1243,0.9302516317736274
1244,0.24983900967634567
1245,1.1163019581283529
1246,3.1362769299796582
1247,0.4730994013020163
1248,1.4937183344479388
1249,0.4730994013020163
1250,0.5368880846236364
1251,0.21794466801553555
1252,0.5953610443351215
1253,1.6531900427519892
1254,1.7382416205141495
1255,1.0525132748067327
1256,1.2332478775513231
1257,0.2657861805067507
1258,0.40399499437026104
1259,0.5049937429628263
1260,0.7335698581986319
1261,2.1528680621046803
1262,0.39867927076012605
1263,0.5687824262844464
1264,1.180090641449973
1265,0.21794466801553555
1266,1.7701359621749595
1267,0.6804126220972817
1268,1.1056705109080829
1269,0.8505157776216022
1270,0.5528352554540414
1271,1.206669259500648
1272,1.5096655052783439
1273,0.4093107179803961
1274,1.7116630024634745
1275,0.760148476249307
1276,0.781411370689847
1277,1.4033510330756436
1278,0.30299624577769574
1279,0.39336354714999106
1280,0.13820881386351036
1281,0.21794466801553555
1282,0.44120505964120615
1283,0.39336354714999106
1284,0.36146920548918093
1285,0.8983572901128174
1286,0.8079899887405221
1287,1.0206189331459226
1288,0.8398843304013323
1289,0.6538340040466066
1290,0.6857283457074168
1291,0.3295748638283708
1292,0.5634667026743114
1293,0.9408830789938976
1294,0.5900453207249865
1295,0.372100652709451
1296,0.13289309025337534
1297,0.5581509790641764
1298,0.9568302498243025
1299,1.488402610837804
1300,0.8983572901128174
1301,1.488402610837804
1302,0.770779923469577
1303,1.3023522844830784
1304,0.9621459734344375
1305,0.4146264415905311
1306,0.7973585415202521
1307,0.2657861805067507
1308,1.153512023399298
1309,0.0797358541520252
1310,0.9408830789938976
1311,0.10099874859256526
1312,0.5049937429628263
1313,1.7382416205141495
1314,1.8179774746661748
1315,1.0259346567560577
1316,1.0844076164675427
1317,0.5740981498945814
1318,0.26047045689661563
1319,1.0153032095357877
1320,0.9089887373330874
1321,0.2711019041168857
1322,0.5103094665729613
1323,0.13289309025337534
1324,1.8445560927168498
1325,0.3667849290993159
1326,0.7495170290290369
1327,1.3236151789236184
1328,0.5156251901830963
1329,0.5368880846236364
1330,0.2817333513371557
1331,0.2232603916256706
1332,0.776095647079712
1333,0.8133057123506572
1334,0.4730994013020163
1335,0.382732099929721
1336,1.6957158316330694
1337,0.29768052216756075
1338,0.9302516317736274
1339,0.4518365068614762
1340,0.3295748638283708
1341,0.8239371595709272
1342,1.7807674093952295
1343,0.372100652709451
1344,1.265142219212133
1345,0.6804126220972817
1346,0.6910440693175518
1347,1.98276490658036
1348,0.8824101192824123
1349,0.5475195318439063
1350,0.4093107179803961
1351,0.1860503263547255
1352,1.0737761692472727
1353,0.4677836776918812
1354,1.7276101732938793
1355,0.1541559846939154
1356,0.5794138735047164
1357,0.9515145262141675
1358,1.8551875399371198
1359,0.5156251901830963
1360,1.3395623497540234
1361,2.2379196398668406
1362,1.0844076164675427
1363,0.5794138735047164
1364,0.3295748638283708
1365,0.25515473328648064
1366,0.9089887373330874
1367,0.3667849290993159
1368,0.8505157776216022
1369,0.26047045689661563
1370,1.110986234518218
1371,0.29236479855742575
1372,1.1747749178398381
1373,0.19668177357499553
1374,0.4518365068614762
1375,1.180090641449973
1376,0.6378868332162017
1377,1.0099874859256526
1378,0.2870490749472907
1379,1.153512023399298
1380,1.8498718163269847
1381,0.23920756245607563
1382,0.7229384109783619
1383,1.6744529371925294
1384,1.8339246454965799
1385,2.1156579968337357
1386,0.6219396623857966
1387,0.19668177357499553
1388,0.9568302498243025
1389,0.5953610443351215
1390,0.5049937429628263
1391,0.23920756245607563
1392,1.9508705649195501
1393,0.3455220346587759
1394,2.0040278010209
1395,0.26047045689661563
1396,0.1647874319141854
1397,0.3136276929979658
1398,0.5262566374033664
1399,0.8133057123506572
1400,1.7063472788533394
1401,0.4677836776918812
1402,0.8452000540114672
1403,0.1860503263547255
1404,0.13820881386351036
1405,0.5262566374033664
1406,0.0797358541520252
1407,1.4830868872276688
1408,0.41994216520066613
1409,0.9940403150952477
1410,0.8770943956722772
1411,0.2285761152358056
1412,1.7010315552432045
1413,0.13820881386351036
1414,1.6850843844127994
1415,0.9780931442648425
1416,0.5049937429628263
1417,1.6797686608026645
1418,0.8026742651303871
1419,1.4618239927871288
1420,1.600032806650639
1421,0.5262566374033664
1422,0.6432025568263366
1423,0.6644654512668767
1424,1.169459194229703
1425,1.1588277470094328
1426,1.2810893900425384
1427,0.49436229574255625
1428,1.3608252441945634
1429,0.8983572901128174
1430,0.5103094665729613
1431,0.5049937429628263
1432,0.21794466801553555
1433,1.0365661039763276
1434,0.4518365068614762
1435,2.2166567454263006
1436,1.8498718163269847
1437,0.7867270942999821
1438,0.33489058743850586
1439,2.503705820373592
1440,1.5096655052783439
1441,0.5103094665729613
1442,1.6478743191418543
1443,1.0684604456371378
1444,0.9089887373330874
1445,1.966817735749955
1446,0.13820881386351036
1447,0.24983900967634567
1448,1.1375648525688928
1449,0.6750968984871467
1450,1.0206189331459226
1451,0.8505157776216022
1452,0.3508377582689109
1453,0.9515145262141675
1454,0.7867270942999821
1455,0.5368880846236364
1456,1.1641434706195681
1457,0.9568302498243025
1458,1.8232931982763099
1459,0.4624679540817462
1460,1.2438793247715931
1461,0.5049937429628263
1462,0.5368880846236364
1463,0.8026742651303871
1464,0.9249359081634924
1465,1.477771163617534
1466,0.5475195318439063
1467,0.6378868332162017
1468,0.13820881386351036
1469,0.1860503263547255
1470,1.4033510330756436
1471,1.0950390636878127
1472,1.2545107719918631
1473,0.6432025568263366
1474,1.4458768219567237
1475,1.488402610837804
1476,1.3129837317033484
1477,0.6113082151655266
1478,0.39867927076012605
1479,2.1528680621046803
1480,2.5196529912039964
1481,0.760148476249307
1482,0.8239371595709272
1483,0.2817333513371557
1484,1.9880806301904954
1485,0.6325711096060666
1486,0.36146920548918093
1487,2.9608580508452027
1488,0.6219396623857966
1489,0.39336354714999106
1490,0.4677836776918812
1491,1.3448780733641585
1492,0.1860503263547255
1493,0.5794138735047164
1494,0.1541559846939154
1495,0.7176226873682269
1496,0.9674616970445725
1497,1.0578289984168678
1498,0.5687824262844464
1499,0.776095647079712
1500,0.9355673553837623
1501,0.4252578888108011
1502,1.0578289984168678
1503,0.49967801935269135
1504,0.19668177357499553
1505,0.8558315012317372
1506,0.26047045689661563
1507,0.5315723610135014
1508,0.8345686067911972
1509,1.610664253870909
1510,0.770779923469577
1511,0.3667849290993159
1512,0.13289309025337534
1513,1.3182994553134832
1514,1.9189762232587397
1515,0.760148476249307
1516,1.3661409678046985
1517,0.3136276929979658
1518,1.2810893900425384
1519,1.180090641449973
1520,1.7913988566154995
1521,0.24452328606621063
1522,0.2817333513371557
1523,0.9408830789938976
1524,0.5315723610135014
1525,0.3667849290993159
1526,1.5681384649898291
1527,0.765464199859442
1528,0.12757736664324032
1529,0.5049937429628263
1530,0.8452000540114672
1531,0.5315723610135014
1532,0.4093107179803961
1533,0.17541887913445545
1534,3.0193310105566877
1535,0.5368880846236364
1536,0.9834088678749775
1537,1.9189762232587397
1538,0.49967801935269135
1539,0.6272553859959316
1540,0.1541559846939154
1541,0.23920756245607563
1542,1.7276101732938793
1543,0.26047045689661563
1544,0.23920756245607563
1545,0.8558315012317372
1546,0.4730994013020163
1547,1.3608252441945634
1548,1.6904001080229345
1549,1.7329258969040144
1550,2.5409158856445364
1551,0.08505157776216021
1552,0.19668177357499553
1553,0.3295748638283708
1554,0.39867927076012605
1555,0.49967801935269135
1556,1.3342466261438886
1557,0.8930415665026824
1558,0.7495170290290369
1559,1.211984983110783
1560,1.1269334053486229
1561,0.39867927076012605
1562,0.7335698581986319
1563,1.0737761692472727
1564,0.8345686067911972
1565,0.2817333513371557
1566,0.13820881386351036
1567,1.4246139275161838
1568,1.3661409678046985
1569,0.5528352554540414
1570,0.6059924915553915
1571,1.2332478775513231
1572,1.0525132748067327
1573,0.9993560387053827
1574,0.6644654512668767
1575,0.7335698581986319
1576,0.17541887913445545
1577,0.8770943956722772
1578,0.37741637631958597
1579,0.5156251901830963
1580,0.3455220346587759
1581,1.99339635380063
1582,0.7176226873682269
1583,0.39867927076012605
1584,0.760148476249307
1585,0.6166239387756616
1586,0.5581509790641764
1587,0.6113082151655266
1588,2.1369208912742756
1589,0.776095647079712
1590,1.1641434706195681
1591,0.8292528831810622
1592,0.47841512491215127
1593,0.3189434166081008
1594,1.3023522844830784
1595,1.578769912210099
1596,1.8658189871573898
1597,0.6006767679452565
1598,0.5900453207249865
1599,0.8930415665026824
1600,0.4465207832513412
1601,0.13289309025337534
1602,1.206669259500648
1603,1.3236151789236184
1604,2.2326039162567057
1605,1.6691372135823943
1606,0.6591497276567416
1607,1.1375648525688928
1608,0.25515473328648064
1609,0.5262566374033664
1610,0.9780931442648425
1611,1.0046717623155177
1612,1.4830868872276688
1613,0.372100652709451
1614,1.903029052428335
1615,1.0578289984168678
1616,1.3661409678046985
1617,1.3395623497540234
1618,1.0206189331459226
1619,0.9302516317736274
1620,0.5740981498945814
1621,0.5634667026743114
1622,1.2704579428222682
1623,1.4139824802959136
1624,0.30299624577769574
1625,1.8498718163269847
1626,0.19668177357499553
1627,1.8286089218864447
1628,0.8079899887405221
1629,0.44120505964120615
1630,1.525612676108749
1631,0.48904657213242125
1632,0.5049937429628263
1633,1.0578289984168678
1634,0.8239371595709272
1635,0.14884026108378037
1636,0.5049937429628263
1637,0.39867927076012605
1638,0.1647874319141854
1639,0.33489058743850586
1640,0.24983900967634567
1641,0.5581509790641764
1642,0.3189434166081008
1643,0.4730994013020163
1644,1.6850843844127994
1645,0.08505157776216021
1646,2.1262894440540054
1647,0.6804126220972817
1648,1.924291946868875
1649,0.7282541345884969
1650,1.3289309025337535
1651,0.8611472248418722
1652,0.47841512491215127
1653,0.6910440693175518
1654,0.6750968984871467
1655,0.382732099929721
1656,1.3236151789236184
1657,0.1541559846939154
1658,0.39336354714999106
1659,2.0040278010209
1660,1.504349781668209
1661,0.8239371595709272
1662,0.5687824262844464
1663,1.4033510330756436
1664,0.48373084852228626
1665,0.0
1666,0.19668177357499553
1667,0.5528352554540414
1668,0.5687824262844464
1669,0.6113082151655266
1670,0.8452000540114672
1671,0.6325711096060666
1672,0.744201305418902
1673,1.1481962997891628
1674,1.190722088670243
1675,0.2870490749472907
1676,0.6378868332162017
1677,0.3242591402182358
1678,0.5049937429628263
1679,0.5634667026743114
1680,2.0040278010209
1681,0.372100652709451
1682,1.0418818275864625
1683,0.5847295971148515
1684,0.6059924915553915
1685,0.8452000540114672
1686,0.6272553859959316
1687,2.041237866291845
1688,0.8026742651303871
1689,0.5634667026743114
1690,0.37741637631958597
1691,1.5681384649898291
1692,1.9615020121398201
1693,0.5847295971148515
1694,1.6904001080229345
1695,1.0046717623155177
1696,1.2545107719918631
1697,1.121617681738488
1698,0.41994216520066613
1699,1.2385636011614582
1700,0.9143044609432224
1701,0.1541559846939154
1702,1.1641434706195681
1703,0.5740981498945814
1704,1.0418818275864625
1705,2.2963925995783256
1706,1.217300706720918
1707,0.13289309025337534
1708,0.7548327526391719
1709,0.4358893360310711
1710,0.5847295971148515
1711,0.6804126220972817
1712,0.6644654512668767
1713,0.34020631104864085
1714,0.6697811748770117
1715,0.44120505964120615
1716,0.24452328606621063
1717,0.8186214359607922
1718,0.5475195318439063
1719,1.477771163617534
1720,0.6591497276567416
1721,1.0737761692472727
1722,1.4618239927871288
1723,0.8186214359607922
1724,0.19668177357499553
1725,0.1169459194229703
1726,0.9089887373330874
1727,0.9568302498243025
1728,0.8186214359607922
1729,1.7807674093952295
1730,1.9083447760384697
1731,1.153512023399298
1732,0.8398843304013323
1733,1.9189762232587397
1734,2.0943951023931953
1735,0.5740981498945814
1736,0.3295748638283708
1737,1.6904001080229345
1738,1.557507017769559
1739,0.5368880846236364
1740,0.9621459734344375
1741,0.5900453207249865
1742,0.738885581808767
1743,1.3608252441945634
1744,0.13820881386351036
1745,0.49967801935269135
1746,0.5209409137932313
1747,1.3767724150249685
1748,0.5422038082337713
1749,0.8558315012317372
1750,2.0359221426817102
1751,0.5315723610135014
1752,0.6432025568263366
1753,0.9515145262141675
1754,1.7913988566154995
1755,0.33489058743850586
1756,0.6059924915553915
1757,0.4252578888108011
1758,0.7920428179101171
1759,0.34020631104864085
1760,0.40399499437026104
1761,1.4458768219567237
1762,1.8179774746661748
1763,0.6750968984871467
1764,1.196037812280378
1765,0.8292528831810622
1766,0.7069912401479568
1767,1.1747749178398381
1768,0.8345686067911972
1769,0.23920756245607563
1770,1.4086667566857787
1771,1.0844076164675427
1772,0.09568302498243025
1773,0.8186214359607922
1774,0.26047045689661563
1775,0.48373084852228626
1776,1.7222944496837445
1777,0.382732099929721
1778,0.9143044609432224
1779,1.0365661039763276
1780,0.7548327526391719
1781,0.7229384109783619
1782,1.0365661039763276
1783,3.040593904997228
1784,0.4518365068614762
1785,0.8079899887405221
1786,1.552191294159424
1787,0.2657861805067507
1788,1.1003547872979478
1789,0.3295748638283708
1790,0.14352453747364535
1791,0.17541887913445545
1792,0.8611472248418722
1793,0.8717786720621422
1794,0.48904657213242125
1795,0.6378868332162017
1796,0.6378868332162017
1797,0.14352453747364535
1798,0.8345686067911972
1799,1.3023522844830784
1800,0.3242591402182358
1801,0.20199749718513052
1802,1.8498718163269847
1803,0.3455220346587759
1804,0.4624679540817462
1805,0.6485182804364716
1806,0.382732099929721
1807,0.7016755165378218
1808,0.17010315552432043
1809,1.185406365060108
1810,0.5422038082337713
1811,1.0525132748067327
1812,1.4990340580580739
1813,1.8126617510560394
1814,0.21262894440540056
1815,0.30299624577769574
1816,0.5953610443351215
1817,0.1541559846939154
1818,1.121617681738488
1819,0.8930415665026824
1820,0.48373084852228626
1821,2.264498257917516
1822,0.8079899887405221
1823,1.0471975511965976
1824,0.8186214359607922
1825,0.8079899887405221
1826,2.1103422732236004
1827,0.6166239387756616
1828,2.041237866291845
1829,1.1481962997891628
1830,0.9355673553837623
1831,1.7913988566154995
1832,0.13289309025337534
1833,1.3289309025337535
1834,1.2438793247715931
1835,1.2970365608729433
1836,1.541559846939154
1837,0.9143044609432224
1838,0.26047045689661563
1839,1.1003547872979478
1840,0.20731322079526554
1841,0.9408830789938976
1842,0.5953610443351215
1843,0.6325711096060666
1844,0.9568302498243025
1845,0.776095647079712
1846,1.6638214899722592
1847,1.153512023399298
1848,0.9143044609432224
1849,1.0737761692472727
1850,0.8345686067911972
1851,0.781411370689847
1852,1.4830868872276688
1853,0.5475195318439063
1854,0.8558315012317372
1855,0.9196201845533574
1856,1.5681384649898291
1857,0.5740981498945814
1858,0.3242591402182358
1859,1.504349781668209
1860,1.557507017769559
1861,0.30299624577769574
1862,1.0471975511965976
1863,0.8133057123506572
1864,0.49967801935269135
1865,0.4252578888108011
1866,0.9461988026040326
1867,1.0418818275864625
1868,1.4671397163972637
1869,1.196037812280378
1870,0.6325711096060666
1871,0.12757736664324032
1872,1.6159799774810442
1873,1.8977133288181998
1874,0.41994216520066613
1875,1.1269334053486229
1876,0.3455220346587759
1877,0.7069912401479568
1878,2.0093435246310354
1879,0.6485182804364716
1880,2.6365989106269665
1881,1.196037812280378
1882,1.6053485302607742
1883,1.4299296511263186
1884,1.4139824802959136
1885,0.4358893360310711
1886,1.2598264956019982
1887,0.26047045689661563
1888,1.3608252441945634
1889,1.9987120774107654
1890,0.6644654512668767
1891,0.6804126220972817
1892,0.6378868332162017
1893,0.9089887373330874
1894,0.6432025568263366
1895,0.9036730137229524
1896,0.7282541345884969
1897,2.206025298206031
1898,0.5049937429628263
1899,0.781411370689847
1900,1.541559846939154
1901,0.4093107179803961
1902,1.7595045149546895
1903,0.6804126220972817
1904,0.770779923469577
1905,1.142880576179028
1906,0.2232603916256706
1907,0.2232603916256706
1908,1.8445560927168498
1909,0.2711019041168857
1910,0.5315723610135014
1911,0.4358893360310711
1912,0.40399499437026104
1913,2.7057033175587217
1914,1.4990340580580739
1915,0.39867927076012605
1916,0.5422038082337713
1917,1.0897233400776778
1918,0.372100652709451
1919,0.48373084852228626
1920,0.4465207832513412
1921,1.169459194229703
1922,0.34020631104864085
1923,0.6006767679452565
1924,2.1422366148844105
1925,1.3714566914148336
1926,0.8452000540114672
1927,0.382732099929721
1928,0.47841512491215127
1929,0.3295748638283708
1930,0.388047823539856
1931,1.169459194229703
1932,0.5634667026743114
1933,1.2704579428222682
1934,0.9249359081634924
1935,0.2285761152358056
1936,0.4305736124209361
1937,0.49436229574255625
1938,0.4093107179803961
1939,0.6857283457074168
1940,1.6159799774810442
1941,0.6538340040466066
1942,0.1594717083040504
1943,0.5422038082337713
1944,0.3083119693878308
1945,0.2817333513371557
1946,0.3295748638283708
1947,1.4937183344479388
1948,1.557507017769559
1949,0.7176226873682269
1950,0.9461988026040326
1951,0.39336354714999106
1952,0.776095647079712
1953,1.610664253870909
1954,1.0844076164675427
1955,0.6006767679452565
1956,0.25515473328648064
1957,1.0844076164675427
1958,0.18073460274459047
1959,1.169459194229703
1960,0.760148476249307
1961,0.8558315012317372
1962,0.760148476249307
1963,1.0790918928574078
1964,0.9143044609432224
1965,0.13820881386351036
1966,0.5581509790641764
1967,0.4093107179803961
1968,0.6378868332162017
1969,1.4618239927871288
1970,1.557507017769559
1971,0.9993560387053827
1972,1.8339246454965799
1973,1.169459194229703
1974,0.781411370689847
1975,0.4624679540817462
1976,0.8505157776216022
1977,0.9196201845533574
1978,0.7069912401479568
1979,1.2491950483817282
1980,1.0418818275864625
1981,0.5368880846236364
1982,1.3820881386351036
1983,0.24452328606621063
1984,0.5368880846236364
1985,1.4724554400073988
1986,0.8292528831810622
1987,0.6432025568263366
1988,0.7495170290290369
1989,1.121617681738488
1990,0.9036730137229524
1991,0.39867927076012605
1992,0.7973585415202521
1993,2.2166567454263006
1994,1.8764504343776598
1995,0.4465207832513412
1996,0.6166239387756616
1997,0.1594717083040504
1998,0.23920756245607563
1999,2.0146592482411703
2000,0.7335698581986319
2001,0.2338918388459406
2002,0.388047823539856
2003,0.781411370689847
2004,0.9515145262141675
2005,0.33489058743850586
2006,1.0471975511965976
2007,2.370812730120216
2008,0.4730994013020163
2009,1.190722088670243
2010,0.5156251901830963
2011,0.26047045689661563
2012,0.09568302498243025
2013,1.3555095205844285
2014,1.153512023399298
2015,2.1794466801553556
2016,1.5947170830405042
2017,0.5847295971148515
2018,2.785439171710747
2019,0.6910440693175518
2020,1.3661409678046985
2021,0.2285761152358056
2022,0.24983900967634567
2023,0.5634667026743114
2024,0.3455220346587759
2025,0.6644654512668767
2026,1.169459194229703
2027,0.12226164303310531
2028,1.3023522844830784
2029,0.47841512491215127
2030,0.8664629484520072
2031,0.7867270942999821
2032,1.4458768219567237
2033,0.10099874859256526
2034,1.2438793247715931
2035,1.4405610983465886
2036,0.1116301958128353
2037,0.8505157776216022
2038,0.3189434166081008
2039,1.0578289984168678
2040,0.9674616970445725
2041,0.34020631104864085
2042,0.1116301958128353
2043,0.39867927076012605
2044,0.23920756245607563
2045,0.3136276929979658
2046,1.6372428719215844
2047,0.5368880846236364
2048,0.9993560387053827
2049,0.4730994013020163
2050,0.781411370689847
2051,0.7973585415202521
2052,0.24452328606621063
2053,0.4146264415905311
2054,1.8817661579877951
2055,1.4724554400073988
2056,1.5096655052783439
2057,0.3295748638283708
2058,0.3189434166081008
2059,1.7116630024634745
2060,0.7229384109783619
2061,0.738885581808767
2062,0.3189434166081008
2063,1.8977133288181998
2064,0.3508377582689109
2065,0.770779923469577
2066,0.1594717083040504
2067,0.9143044609432224
2068,0.6166239387756616
2069,1.2226164303310532
2070,0.24983900967634567
2071,0.9727774206547075
2072,1.504349781668209
2073,0.6485182804364716
2074,0.8824101192824123
2075,1.1375648525688928
2076,0.8877258428925474
2077,1.4724554400073988
2078,0.9727774206547075
2079,0.4465207832513412
2080,2.0518693135121153
2081,2.1688152329350854
2082,1.6478743191418543
2083,1.0099874859256526
2084,0.3295748638283708
2085,0.9196201845533574
2086,2.4399171370519714
2087,1.7010315552432045
2088,0.2232603916256706
2089,2.2963925995783256
2090,0.36146920548918093
2091,0.8133057123506572
2092,0.6325711096060666
2093,1.0312503803661925
2094,1.0525132748067327
2095,0.13820881386351036
2096,0.4677836776918812
2097,0.9674616970445725
2098,0.8877258428925474
2099,2.4452328606621063
2100,2.0943951023931953
2101,0.6750968984871467
2102,1.265142219212133
2103,1.2970365608729433
2104,0.9196201845533574
2105,0.8186214359607922
2106,0.6485182804364716
2107,0.30299624577769574
2108,0.776095647079712
2109,0.8186214359607922
2110,1.0206189331459226
2111,0.9621459734344375
2112,0.6750968984871467
2113,0.8558315012317372
2114,0.8983572901128174
2115,1.2332478775513231
2116,0.4677836776918812
2117,0.2338918388459406
2118,1.0206189331459226
2119,0.39867927076012605
2120,0.44120505964120615
2121,0.7282541345884969
2122,1.530928399718884
2123,0.20199749718513052
2124,0.33489058743850586
2125,2.312339770408731
2126,0.14884026108378037
2127,1.6425585955317192
2128,1.6638214899722592
2129,0.34020631104864085
2130,0.48373084852228626
2131,0.3136276929979658
2132,0.781411370689847
2133,0.29768052216756075
2134,0.2338918388459406
2135,0.8079899887405221
2136,0.5528352554540414
2137,2.291076875968191
2138,0.9674616970445725
2139,1.0206189331459226
2140,1.0897233400776778
2141,0.5103094665729613
2142,1.4724554400073988
2143,0.5315723610135014
2144,1.0471975511965976
2145,0.37741637631958597
2146,1.153512023399298
2147,2.301708323188461
2148,1.1163019581283529
2149,2.833280684201962
2150,0.9196201845533574
2151,0.7229384109783619
2152,0.6644654512668767
2153,2.163499509324951
2154,0.1541559846939154
2155,2.2326039162567057
2156,1.169459194229703
2157,0.1647874319141854
2158,0.26047045689661563
2159,1.8286089218864447
2160,2.0359221426817102
2161,0.12226164303310531
2162,0.5528352554540414
2163,2.4558643078823765
2164,0.5687824262844464
2165,0.12226164303310531
2166,1.265142219212133
2167,1.2810893900425384
2168,1.2226164303310532
2169,0.8239371595709272
2170,1.185406365060108
2171,1.4192982039060487
2172,1.530928399718884
2173,0.6272553859959316
2174,0.2338918388459406
2175,0.5794138735047164
2176,0.781411370689847
2177,0.3508377582689109
2178,0.5422038082337713
2179,0.35615348187904594
2180,0.5209409137932313
2181,0.5528352554540414
2182,1.3023522844830784
2183,1.7010315552432045
2184,2.02529069546144
2185,0.5528352554540414
2186,1.6638214899722592
2187,0.6378868332162017
2188,1.0578289984168678
2189,0.21794466801553555
2190,1.504349781668209
2191,0.9940403150952477
2192,0.3189434166081008
2193,0.8239371595709272
2194,1.9402391176992801
2195,0.13820881386351036
2196,0.1594717083040504
2197,0.9780931442648425
2198,0.3455220346587759
2199,0.39867927076012605
2200,0.13820881386351036
2201,0.48904657213242125
2202,2.434601413441836
2203,0.2232603916256706
2204,0.7867270942999821
2205,0.770779923469577
2206,1.1481962997891628
2207,0.9780931442648425
2208,0.2657861805067507
2209,1.3289309025337535
2210,0.3455220346587759
2211,0.2285761152358056
2212,0.33489058743850586
2213,0.5103094665729613
2214,0.7123069637580919
2215,0.39867927076012605
2216,0.5900453207249865
2217,0.3136276929979658
2218,1.0525132748067327
2219,0.6750968984871467
2220,0.39867927076012605
2221,0.6006767679452565
2222,0.7069912401479568
2223,0.24452328606621063
2224,0.2870490749472907
2225,2.5568630564749415
2226,0.6272553859959316
2227,0.765464199859442
2228,0.8186214359607922
2229,1.2332478775513231
2230,0.7920428179101171
2231,1.7276101732938793
2232,0.8026742651303871
2233,0.5847295971148515
2234,1.8870818815979298
2235,0.2232603916256706
2236,0.2870490749472907
2237,0.2338918388459406
2238,0.21794466801553555
2239,0.24452328606621063
2240,1.97213345936009
2241,0.5262566374033664
2242,2.1688152329350854
2243,1.2864051136526733
2244,0.9515145262141675
2245,1.1481962997891628
2246,0.5953610443351215
2247,0.5422038082337713
2248,0.7282541345884969
2249,1.0153032095357877
2250,0.20731322079526554
2251,0.12226164303310531
2252,1.3501937969742934
2253,1.7595045149546895
2254,0.8717786720621422
2255,0.6325711096060666
2256,1.0099874859256526
2257,0.2657861805067507
2258,0.5368880846236364
2259,0.9036730137229524
2260,1.5734541885999642
2261,0.7123069637580919
2262,0.40399499437026104
2263,0.8239371595709272
2264,0.372100652709451
2265,0.39867927076012605
2266,0.5953610443351215
2267,1.0312503803661925
2268,0.5900453207249865
2269,1.541559846939154
2270,0.19668177357499553
2271,1.3980353094655087
2272,1.0312503803661925
2273,0.6857283457074168
2274,0.4093107179803961
2275,1.6159799774810442
2276,0.8930415665026824
2277,0.48373084852228626
2278,1.0525132748067327
2279,0.39867927076012605
2280,0.6006767679452565
2281,1.977449182970225
2282,0.12757736664324032
2283,0.9355673553837623
2284,1.0950390636878127
2285,0.0797358541520252
2286,1.7860831330053648
2287,0.8930415665026824
2288,0.7335698581986319
2289,1.3289309025337535
2290,1.7063472788533394
2291,0.48373084852228626
2292,0.5847295971148515
2293,1.7967145802256348
2294,0.9089887373330874
2295,0.23920756245607563
2296,0.48373084852228626
2297,1.0099874859256526
2298,0.6750968984871467
2299,0.760148476249307
2300,1.3182994553134832
2301,1.2279321539411883
2302,1.0525132748067327
2303,0.9089887373330874
2304,1.8658189871573898
2305,0.21794466801553555
2306,1.7169787260736094
2307,0.8824101192824123
2308,0.4677836776918812
2309,1.7382416205141495
2310,0.33489058743850586
2311,1.4990340580580739
2312,2.3282869412391363
2313,0.6804126220972817
2314,1.110986234518218
2315,0.7973585415202521
2316,0.36146920548918093
2317,1.477771163617534
2318,0.7282541345884969
2319,1.6478743191418543
2320,0.9780931442648425
2321,1.4246139275161838
2322,0.8930415665026824
2323,1.0046717623155177
2324,0.37741637631958597
2325,0.3083119693878308
2326,0.47841512491215127
2327,2.748229106439802
2328,0.3136276929979658
2329,3.061856799437768
2330,0.5209409137932313
2331,0.21794466801553555
2332,0.3667849290993159
2333,1.2864051136526733
2334,0.4305736124209361
2335,1.520296952498614
2336,1.7063472788533394
2337,1.3661409678046985
2338,0.5315723610135014
2339,0.770779923469577
2340,1.2438793247715931
2341,0.12757736664324032
2342,0.6059924915553915
2343,1.0525132748067327
2344,2.0518693135121153
2345,1.2917208372628084
2346,1.3236151789236184
2347,0.2285761152358056
2348,0.6006767679452565
2349,0.4624679540817462
2350,1.3820881386351036
2351,1.7595045149546895
2352,0.382732099929721
2353,0.3508377582689109
2354,0.21794466801553555
2355,0.5953610443351215
2356,0.35615348187904594
2357,0.20199749718513052
2358,0.19668177357499553
2359,0.2711019041168857
2360,2.376128453730351
2361,2.392075624560756
2362,0.7069912401479568
2363,0.8133057123506572
2364,0.4146264415905311
2365,0.5262566374033664
2366,1.0259346567560577
2367,0.8239371595709272
2368,0.4677836776918812
2369,1.4139824802959136
2370,2.2007095745958956
2371,0.09568302498243025
2372,1.190722088670243
2373,1.7701359621749595
2374,0.1116301958128353
2375,1.6212957010911793
2376,1.977449182970225
2377,0.8026742651303871
2378,2.285761152358056
2379,0.13289309025337534
2380,1.9189762232587397
2381,0.10631447220270028
2382,0.7176226873682269
2383,0.5953610443351215
2384,0.781411370689847
2385,0.7548327526391719
2386,1.0844076164675427
2387,1.0259346567560577
2388,0.35615348187904594
2389,1.3874038622452385
2390,0.14352453747364535
2391,0.1116301958128353
2392,0.5156251901830963
2393,1.0790918928574078
2394,0.09568302498243025
2395,1.196037812280378
2396,0.6485182804364716
2397,1.0259346567560577
2398,1.3661409678046985
2399,1.7648202385648246
2400,0.48373084852228626
2401,0.8133057123506572
2402,0.5049937429628263
2403,0.382732099929721
2404,1.3608252441945634
2405,0.8824101192824123
2406,0.5049937429628263
2407,0.2711019041168857
2408,0.382732099929721
2409,1.504349781668209
2410,0.8133057123506572
2411,1.7169787260736094
2412,1.3289309025337535
2413,1.2438793247715931
2414,0.3455220346587759
2415,0.4518365068614762
2416,0.39336354714999106
2417,0.5581509790641764
2418,1.8020303038357695
2419,1.0631447220270027
2420,0.6219396623857966
2421,0.6378868332162017
2422,0.5103094665729613
2423,0.5475195318439063
2424,0.9515145262141675
2425,0.30299624577769574
2426,0.8345686067911972
2427,0.3189434166081008
2428,0.37741637631958597
2429,0.6591497276567416
2430,0.2764176277270207
2431,0.5368880846236364
2432,0.6485182804364716
2433,1.169459194229703
2434,1.0844076164675427
2435,0.7867270942999821
2436,0.765464199859442
2437,0.8611472248418722
2438,0.4730994013020163
2439,0.5634667026743114
2440,1.3980353094655087
2441,1.4192982039060487
2442,1.3448780733641585
2443,0.34020631104864085
2444,0.7973585415202521
2445,0.2338918388459406
2446,0.3667849290993159
2447,0.37741637631958597
2448,1.3023522844830784
2449,0.4571522304716112
2450,0.1116301958128353
2451,0.5794138735047164
2452,1.7541887913445544
2453,1.3767724150249685
2454,1.3714566914148336
2455,1.3555095205844285
2456,0.8133057123506572
2457,0.8877258428925474
2458,0.9036730137229524
2459,0.49967801935269135
2460,0.08505157776216021
2461,0.9887245914851125
2462,0.5740981498945814
2463,0.4518365068614762
2464,0.7335698581986319
2465,1.5096655052783439
2466,0.8824101192824123
2467,1.0897233400776778
2468,0.5422038082337713
2469,0.44120505964120615
2470,0.2870490749472907
2471,0.9727774206547075
2472,0.4518365068614762
2473,0.3508377582689109
2474,0.6325711096060666
2475,1.1588277470094328
2476,0.8345686067911972
2477,0.48904657213242125
2478,0.24452328606621063
2479,0.4305736124209361
2480,2.1900781273756253
2481,0.7920428179101171
2482,0.5422038082337713
2483,0.9036730137229524
2484,2.206025298206031
2485,1.3501937969742934
2486,0.8664629484520072
2487,1.2226164303310532
2488,0.8558315012317372
2489,0.6272553859959316
2490,0.9408830789938976
2491,0.9568302498243025
2492,1.211984983110783
2493,0.5209409137932313
2494,0.382732099929721
2495,0.39867927076012605
2496,1.1481962997891628
2497,1.6319271483114492
2498,0.4465207832513412
2499,0.9089887373330874
2500,0.8026742651303871
2501,0.5368880846236364
2502,0.3295748638283708
2503,0.34020631104864085
2504,1.6638214899722592
2505,0.7229384109783619
2506,1.0259346567560577
2507,1.0259346567560577
2508,1.0206189331459226
2509,0.6485182804364716
2510,0.2285761152358056
2511,1.4405610983465886
2512,0.5262566374033664
2513,0.776095647079712
2514,0.6485182804364716
2515,1.8605032635472547
2516,0.9834088678749775
2517,0.3136276929979658
2518,0.9302516317736274
2519,1.3448780733641585
2520,1.1003547872979478
2521,0.8877258428925474
2522,0.13820881386351036
2523,0.39336354714999106
2524,1.1269334053486229
2525,0.21262894440540056
2526,0.2870490749472907
2527,0.8026742651303871
2528,0.6432025568263366
2529,0.9568302498243025
2530,0.9727774206547075
2531,0.9887245914851125
2532,0.8611472248418722
2533,0.7548327526391719
2534,1.3608252441945634
2535,1.1375648525688928
2536,1.206669259500648
2537,1.2704579428222682
2538,2.8226492369816922
2539,0.2657861805067507
2540,0.3455220346587759
2541,0.3295748638283708
2542,0.6485182804364716
2543,1.3980353094655087
2544,0.3667849290993159
2545,0.20199749718513052
2546,1.7276101732938793
2547,0.8239371595709272
2548,0.5156251901830963
2549,1.6957158316330694
2550,0.1116301958128353
2551,0.6059924915553915
2552,1.2438793247715931
2553,0.8558315012317372
2554,0.8983572901128174
2555,0.2817333513371557
2556,0.7176226873682269
2557,1.190722088670243
2558,0.5687824262844464
2559,0.5049937429628263
2560,0.738885581808767
2561,0.23920756245607563
2562,0.8133057123506572
2563,1.5840856358202342
2564,0.39336354714999106
2565,0.49967801935269135
2566,0.9302516317736274
2567,0.9568302498243025
2568,0.6113082151655266
2569,0.4465207832513412
2570,1.913660499648605
2571,1.169459194229703
2572,0.20199749718513052
2573,1.0631447220270027
2574,0.49967801935269135
2575,0.8133057123506572
2576,1.217300706720918
2577,0.7973585415202521
2578,0.2232603916256706
2579,1.1269334053486229
2580,0.48373084852228626
2581,1.552191294159424
2582,0.6804126220972817
2583,0.30299624577769574
2584,0.8079899887405221
2585,0.17541887913445545
2586,1.3980353094655087
2587,1.589401359430369
2588,0.3667849290993159
2589,0.6910440693175518
2590,0.2817333513371557
2591,1.3129837317033484
2592,0.9143044609432224
2593,0.4146264415905311
2594,0.372100652709451
2595,1.3129837317033484
2596,0.9568302498243025
2597,1.488402610837804
2598,0.5049937429628263
2599,0.4358893360310711
2600,0.9940403150952477
2601,0.23920756245607563
2602,0.39867927076012605
2603,0.25515473328648064
2604,0.41994216520066613
2605,0.5368880846236364
2606,0.6325711096060666
2607,0.49967801935269135
2608,0.8824101192824123
2609,0.9940403150952477
2610,0.4624679540817462
2611,0.29236479855742575
2612,1.0790918928574078
2613,0.9727774206547075
2614,0.4677836776918812
2615,0.34020631104864085
2616,1.3023522844830784
2617,0.738885581808767
2618,0.5528352554540414
2619,1.6638214899722592
2620,1.913660499648605
2621,0.3455220346587759
2622,0.8186214359607922
2623,1.0259346567560577
2624,1.1641434706195681
2625,0.35615348187904594
2626,0.6432025568263366
2627,1.8073460274459048
2628,0.6432025568263366
2629,0.382732099929721
2630,0.4093107179803961
2631,1.0418818275864625
2632,1.3767724150249685
2633,1.1588277470094328
2634,0.5156251901830963
2635,1.7329258969040144
2636,1.0950390636878127
2637,1.7063472788533394
2638,0.5262566374033664
2639,0.7176226873682269
2640,2.0571850371222506
2641,0.4624679540817462
2642,1.5096655052783439
2643,1.4511925455668588
2644,0.7123069637580919
2645,0.44120505964120615
2646,0.1116301958128353
2647,0.47841512491215127
2648,1.169459194229703
2649,1.217300706720918
2650,1.2864051136526733
2651,0.39336354714999106
2652,1.578769912210099
2653,0.372100652709451
2654,0.6166239387756616
2655,0.7069912401479568
2656,2.312339770408731
2657,0.1647874319141854
2658,1.0099874859256526
2659,1.0046717623155177
2660,0.8877258428925474
2661,1.4565082691769937
2662,0.5740981498945814
2663,0.21794466801553555
2664,1.7169787260736094
2665,0.34020631104864085
2666,2.227288192646571
2667,0.6166239387756616
2668,0.49967801935269135
2669,0.25515473328648064
2670,0.5847295971148515
2671,0.5422038082337713
2672,0.14352453747364535
2673,0.1913660499648605
2674,0.48904657213242125
2675,1.8339246454965799
2676,1.4830868872276688
2677,1.2438793247715931
2678,2.0306064190715754
2679,0.6059924915553915
2680,0.2870490749472907
2681,0.744201305418902
2682,0.3295748638283708
2683,0.7335698581986319
2684,0.24452328606621063
2685,1.7010315552432045
2686,2.0093435246310354
2687,0.4252578888108011
2688,0.5634667026743114
2689,0.9568302498243025
2690,0.8877258428925474
2691,0.9887245914851125
2692,0.8345686067911972
2693,0.5475195318439063
2694,2.9874366688958776
2695,1.546875570549289
2696,0.2711019041168857
2697,0.8186214359607922
2698,1.6691372135823943
2699,0.13820881386351036
2700,1.0631447220270027
2701,0.4093107179803961
2702,1.525612676108749
2703,0.5262566374033664
2704,1.1481962997891628
2705,0.4624679540817462
2706,0.7548327526391719
2707,1.201353535890513
2708,0.39867927076012605
2709,0.29236479855742575
2710,0.4730994013020163
2711,0.4571522304716112
2712,1.3874038622452385
2713,0.382732099929721
2714,0.7867270942999821
2715,0.14352453747364535
2716,0.49436229574255625
2717,0.8079899887405221
2718,0.6219396623857966
2719,0.5209409137932313
2720,0.49967801935269135
2721,1.6531900427519892
2722,0.5581509790641764
2723,0.9727774206547075
2724,1.2385636011614582
2725,0.7973585415202521
2726,0.7176226873682269
2727,0.4146264415905311
2728,0.47841512491215127
2729,0.7973585415202521
2730,0.738885581808767
2731,1.211984983110783
2732,0.40399499437026104
2733,0.9089887373330874
2734,0.5687824262844464
2735,2.2113410218161658
2736,0.24983900967634567
2737,0.39336354714999106
2738,2.291076875968191
2739,1.3608252441945634
2740,1.3289309025337535
2741,0.9834088678749775
2742,0.5634667026743114
2743,1.121617681738488
2744,0.1541559846939154
2745,0.9355673553837623
2746,1.541559846939154
2747,1.3129837317033484
2748,0.19668177357499553
2749,0.5900453207249865
2750,0.3295748638283708
2751,1.3182994553134832
2752,0.2285761152358056
2753,0.12226164303310531
2754,1.3927195858553736
2755,1.1375648525688928
2756,0.9515145262141675
2757,0.5634667026743114
2758,0.17541887913445545
2759,1.0525132748067327
2760,1.1641434706195681
2761,0.8983572901128174
2762,0.8558315012317372
2763,0.4146264415905311
2764,0.4624679540817462
2765,0.4146264415905311
2766,0.9621459734344375
2767,0.5315723610135014
2768,0.776095647079712
2769,1.7435573441242844
2770,0.4518365068614762
2771,0.26047045689661563
2772,2.2751297051377857
2773,0.20731322079526554
2774,2.354865559289811
2775,0.770779923469577
2776,1.541559846939154
2777,0.8983572901128174
2778,1.4033510330756436
2779,1.7382416205141495
2780,1.4618239927871288
2781,0.21262894440540056
2782,1.3501937969742934
2783,0.372100652709451
2784,1.110986234518218
2785,0.7069912401479568
2786,1.217300706720918
2787,1.0525132748067327
2788,0.2232603916256706
2789,1.2438793247715931
2790,0.2711019041168857
2791,0.6963597929276868
2792,1.169459194229703
2793,1.7967145802256348
2794,0.7016755165378218
2795,2.1050265496134655
2796,0.29768052216756075
2797,0.8611472248418722
2798,0.5049937429628263
2799,1.142880576179028
2800,0.8983572901128174
2801,0.7176226873682269
2802,0.9249359081634924
2803,0.2711019041168857
2804,0.6644654512668767
2805,0.5103094665729613
2806,0.2711019041168857
2807,1.7063472788533394
2808,0.12226164303310531
2809,0.5900453207249865
2810,0.33489058743850586
2811,1.3342466261438886
2812,0.8983572901128174
2813,2.301708323188461
2814,0.5634667026743114
2815,1.0684604456371378
2816,1.121617681738488
2817,0.1860503263547255
2818,0.3508377582689109
2819,1.0844076164675427
2820,1.1056705109080829
2821,1.7860831330053648
2822,0.770779923469577
2823,0.7176226873682269
2824,0.23920756245607563
2825,0.781411370689847
2826,0.40399499437026104
2827,1.610664253870909
2828,1.3448780733641585
2829,0.3083119693878308
2830,1.488402610837804
2831,0.6166239387756616
2832,0.6804126220972817
2833,1.1641434706195681
2834,0.24452328606621063
2835,1.5734541885999642
2836,0.781411370689847
2837,0.7335698581986319
2838,0.1860503263547255
2839,0.2285761152358056
2840,0.4730994013020163
2841,1.9508705649195501
2842,1.0737761692472727
2843,0.49967801935269135
2844,1.2545107719918631
2845,1.132249128958758
2846,1.8126617510560394
2847,0.372100652709451
2848,1.4618239927871288
2849,1.0578289984168678
2850,0.21794466801553555
2851,1.8498718163269847
2852,0.9408830789938976
2853,1.3767724150249685
2854,0.21262894440540056
2855,0.3295748638283708
2856,0.5262566374033664
2857,0.48904657213242125
2858,0.6697811748770117
2859,0.7973585415202521
2860,0.21794466801553555
2861,0.20199749718513052
2862,0.5262566374033664
2863,0.9674616970445725
2864,0.3136276929979658
2865,0.4730994013020163
2866,0.9568302498243025
2867,0.48373084852228626
2868,1.2598264956019982
2869,1.7807674093952295
2870,2.2113410218161658
2871,0.12757736664324032
2872,0.5847295971148515
2873,0.5528352554540414
2874,0.4146264415905311
2875,0.14884026108378037
2876,0.30299624577769574
2877,1.4192982039060487
2878,1.0897233400776778
2879,1.3448780733641585
2880,1.2917208372628084
2881,1.1056705109080829
2882,0.36146920548918093
2883,0.5475195318439063
2884,1.7382416205141495
2885,0.4624679540817462
2886,0.5581509790641764
2887,0.2657861805067507
2888,0.48373084852228626
2889,0.17541887913445545
2890,0.1116301958128353
2891,0.6113082151655266
2892,0.5315723610135014
2893,0.6697811748770117
2894,1.8498718163269847
2895,1.153512023399298
2896,1.4352453747364537
2897,0.6006767679452565
2898,0.4305736124209361
2899,2.620651739796562
2900,0.39867927076012605
2901,0.9834088678749775
2902,2.0518693135121153
2903,1.6904001080229345
2904,0.6432025568263366
2905,0.1594717083040504
2906,0.760148476249307
2907,0.14884026108378037
2908,1.5947170830405042
2909,0.8079899887405221
2910,0.6113082151655266
2911,0.8239371595709272
2912,1.3980353094655087
2913,0.6325711096060666
2914,1.2757736664324033
2915,1.8286089218864447
2916,1.0525132748067327
2917,0.34020631104864085
2918,1.2598264956019982
2919,0.3508377582689109
2920,0.48373084852228626
2921,0.29236479855742575
2922,0.1116301958128353
2923,1.0897233400776778
2924,1.2438793247715931
2925,0.40399499437026104
2926,0.25515473328648064
2927,0.4305736124209361
2928,0.6272553859959316
2929,1.0525132748067327
2930,0.6325711096060666
2931,1.7169787260736094
2932,0.29768052216756075
2933,0.9940403150952477
2934,0.8398843304013323
2935,0.5103094665729613
2936,1.4990340580580739
2937,1.1003547872979478
2938,1.6904001080229345
2939,1.265142219212133
2940,0.08505157776216021
2941,1.0153032095357877
2942,0.7282541345884969
2943,0.9408830789938976
2944,0.29236479855742575
2945,1.7116630024634745
2946,1.8073460274459048
2947,1.546875570549289
2948,1.142880576179028
2949,1.1641434706195681
2950,0.4465207832513412
2951,0.9727774206547075
2952,0.30299624577769574
2953,0.9302516317736274
2954,0.6006767679452565
2955,0.13820881386351036
2956,0.2764176277270207
2957,0.44120505964120615
2958,1.600032806650639
2959,0.12226164303310531
2960,1.3501937969742934
2961,0.10099874859256526
2962,0.35615348187904594
2963,0.9727774206547075
2964,0.8983572901128174
2965,2.0040278010209
2966,0.1594717083040504
2967,1.2491950483817282
2968,0.770779923469577
2969,1.153512023399298
2970,2.1581837857148156
2971,0.6166239387756616
2972,1.3023522844830784
2973,0.2285761152358056
2974,0.9461988026040326
2975,0.9196201845533574
2976,0.8664629484520072
2977,0.13289309025337534
2978,1.169459194229703
2979,0.8026742651303871
2980,1.0578289984168678
2981,0.33489058743850586
2982,0.5049937429628263
2983,0.29768052216756075
2984,1.206669259500648
2985,0.744201305418902
2986,0.1647874319141854
2987,0.8133057123506572
2988,0.6538340040466066
2989,1.2332478775513231
2990,2.2166567454263006
2991,1.4618239927871288
2992,1.4671397163972637
2993,0.49967801935269135
2994,1.8073460274459048
2995,0.4252578888108011
2996,0.382732099929721
2997,2.2379196398668406
2998,0.29768052216756075
2999,0.24452328606621063
3000,1.562822741379694
3001,0.4571522304716112
3002,1.0206189331459226
3003,0.47841512491215127
3004,0.372100652709451
3005,1.0950390636878127
3006,1.7595045149546895
3007,0.6591497276567416
3008,1.217300706720918
3009,0.5634667026743114
3010,0.6378868332162017
3011,1.142880576179028
3012,1.6744529371925294
3013,0.9887245914851125
3014,1.2491950483817282
3015,0.49967801935269135
3016,0.4730994013020163
3017,0.9515145262141675
3018,0.2817333513371557
3019,1.6212957010911793
3020,0.0
3021,1.8870818815979298
3022,0.4518365068614762
3023,0.6804126220972817
3024,0.5209409137932313
3025,1.0950390636878127
3026,2.2113410218161658
3027,0.2338918388459406
3028,1.110986234518218
3029,0.6219396623857966
3030,1.557507017769559
3031,0.7548327526391719
3032,0.5049937429628263
3033,0.30299624577769574
3034,1.7435573441242844
3035,1.4724554400073988
3036,2.1953938509857607
3037,3.072488246658038
3038,1.3874038622452385
3039,0.9302516317736274
3040,0.5262566374033664
3041,1.3661409678046985
3042,0.4305736124209361
3043,0.40399499437026104
3044,0.20731322079526554
3045,0.4093107179803961
3046,0.36146920548918093
3047,0.1594717083040504
3048,0.3295748638283708
3049,0.382732099929721
3050,0.37741637631958597
3051,1.3289309025337535
3052,0.4730994013020163
3053,0.07442013054189019
3054,0.7867270942999821
3055,1.0737761692472727
3056,1.1003547872979478
3057,0.39336354714999106
3058,1.3182994553134832
3059,1.2279321539411883
3060,0.382732099929721
3061,0.6059924915553915
3062,1.9083447760384697
3063,1.265142219212133
3064,0.48904657213242125
3065,1.9083447760384697
3066,1.7435573441242844
3067,1.4246139275161838
3068,0.44120505964120615
3069,0.5103094665729613
3070,0.2657861805067507
3071,0.17541887913445545
3072,2.344234112069541
3073,0.6272553859959316
3074,0.6910440693175518
3075,0.6910440693175518
3076,0.35615348187904594
3077,0.7016755165378218
3078,0.4730994013020163
3079,0.8292528831810622
3080,0.6219396623857966
3081,1.8339246454965799
3082,1.8817661579877951
3083,0.6006767679452565
3084,0.5900453207249865
3085,2.450548584272241
3086,0.7548327526391719
3087,0.5422038082337713
3088,0.9940403150952477
3089,0.9568302498243025
3090,0.5794138735047164
3091,0.7973585415202521
3092,0.5847295971148515
3093,1.4990340580580739
3094,0.5049937429628263
3095,1.0950390636878127
3096,1.9508705649195501
3097,1.1269334053486229
3098,0.4093107179803961
3099,0.372100652709451
3100,1.7329258969040144
3101,0.14352453747364535
3102,0.9674616970445725
3103,1.1481962997891628
3104,1.892397605208065
3105,0.24983900967634567
3106,0.12226164303310531
3107,2.248551087087111
3108,1.201353535890513
3109,0.48373084852228626
3110,0.7282541345884969
3111,0.5368880846236364
3112,1.7063472788533394
3113,0.26047045689661563
3114,1.2332478775513231
3115,0.9143044609432224
3116,1.3342466261438886
3117,0.2232603916256706
3118,0.20199749718513052
3119,2.0040278010209
3120,0.26047045689661563
3121,0.35615348187904594
3122,0.8079899887405221
3123,0.9887245914851125
3124,0.3189434166081008
3125,1.6585057663621243
3126,1.7435573441242844
3127,0.388047823539856
3128,1.4033510330756436
3129,0.07442013054189019
3130,1.3608252441945634
3131,1.1163019581283529
3132,0.20731322079526554
3133,0.13289309025337534
3134,0.3667849290993159
3135,1.2810893900425384
3136,1.3342466261438886
3137,0.781411370689847
3138,0.8824101192824123
3139,0.8398843304013323
3140,1.4618239927871288
3141,0.9515145262141675
3142,1.8286089218864447
3143,0.30299624577769574
3144,1.3448780733641585
3145,0.2232603916256706
3146,0.10099874859256526
3147,0.6059924915553915
3148,0.6750968984871467
3149,0.6113082151655266
3150,0.6113082151655266
3151,0.382732099929721
3152,1.4139824802959136
3153,1.6797686608026645
3154,0.2285761152358056
3155,0.7069912401479568
3156,0.8345686067911972
3157,0.6378868332162017
3158,2.062500760732385
3159,1.1003547872979478
3160,0.24983900967634567
3161,0.9196201845533574
3162,0.17541887913445545
3163,2.450548584272241
3164,0.14352453747364535
3165,1.169459194229703
3166,1.0790918928574078
3167,0.19668177357499553
3168,0.35615348187904594
3169,0.8026742651303871
3170,1.3182994553134832
3171,0.9727774206547075
3172,1.8179774746661748
3173,1.8339246454965799
3174,0.738885581808767
3175,0.5262566374033664
3176,0.5209409137932313
3177,1.2704579428222682
3178,0.5262566374033664
3179,0.24983900967634567
3180,0.5900453207249865
3181,0.8239371595709272
3182,0.4358893360310711
3183,0.5475195318439063
3184,0.7176226873682269
3185,0.6059924915553915
3186,0.5740981498945814
3187,0.5368880846236364
3188,0.5209409137932313
3189,0.6325711096060666
3190,1.3661409678046985
3191,0.24452328606621063
3192,0.4624679540817462
3193,0.8664629484520072
3194,0.8186214359607922
3195,1.8977133288181998
3196,0.33489058743850586
3197,1.3076680080932133
3198,0.6378868332162017
3199,0.770779923469577
3200,1.3874038622452385
3201,0.7229384109783619
3202,0.30299624577769574
3203,2.631283187016832
3204,1.0259346567560577
3205,0.2764176277270207
3206,0.3083119693878308
3207,1.211984983110783
3208,1.557507017769559
3209,1.1641434706195681
3210,0.3508377582689109
3211,0.8133057123506572
3212,0.8717786720621422
3213,0.7282541345884969
3214,1.3023522844830784
3215,1.3501937969742934
3216,0.9674616970445725
3217,1.7488730677344195
3218,0.13820881386351036
3219,0.9355673553837623
3220,0.5634667026743114
3221,1.4405610983465886
3222,1.5096655052783439
3223,1.977449182970225
3224,1.2545107719918631
3225,1.7595045149546895
3226,0.47841512491215127
3227,0.765464199859442
3228,1.7913988566154995
3229,0.9887245914851125
3230,1.180090641449973
3231,1.2385636011614582
3232,0.2232603916256706
3233,0.30299624577769574
3234,1.4086667566857787
3235,0.781411370689847
3236,0.48904657213242125
3237,0.5847295971148515
3238,0.9621459734344375
3239,0.14884026108378037
3240,1.0897233400776778
3241,0.6538340040466066
3242,0.13820881386351036
3243,0.9143044609432224
3244,1.7701359621749595
3245,0.4252578888108011
3246,0.4730994013020163
3247,0.6963597929276868
3248,0.2657861805067507
3249,0.1169459194229703
3250,0.49436229574255625
3251,0.39336354714999106
3252,1.9508705649195501
3253,0.3083119693878308
3254,1.3767724150249685
3255,0.5209409137932313
3256,0.3136276929979658
3257,1.589401359430369
3258,1.0365661039763276
3259,0.21262894440540056
3260,1.3608252441945634
3261,0.4465207832513412
3262,0.776095647079712
3263,1.0737761692472727
3264,0.12757736664324032
3265,0.26047045689661563
3266,1.3395623497540234
3267,0.24983900967634567
3268,0.9089887373330874
3269,0.13820881386351036
3270,2.083763655172925
3271,0.4358893360310711
3272,0.33489058743850586
3273,1.2226164303310532
3274,1.185406365060108
3275,2.5196529912039964
3276,1.6159799774810442
3277,0.3189434166081008
3278,0.6538340040466066
3279,0.8452000540114672
3280,0.1647874319141854
3281,0.48373084852228626
3282,0.1594717083040504
3283,1.525612676108749
3284,0.49436229574255625
3285,0.14884026108378037
3286,0.5900453207249865
3287,0.6006767679452565
3288,0.13289309025337534
3289,0.9940403150952477
3290,1.0578289984168678
3291,0.5528352554540414
3292,0.2817333513371557
3293,0.12226164303310531
3294,0.33489058743850586
3295,0.5422038082337713
3296,1.142880576179028
3297,2.2538668106972457
3298,1.0844076164675427
3299,1.2332478775513231
3300,0.35615348187904594
3301,0.3667849290993159
3302,0.2711019041168857
3303,1.6797686608026645
3304,1.3289309025337535
3305,0.20199749718513052
3306,0.7069912401479568
3307,2.2166567454263006
3308,0.5953610443351215
3309,0.5794138735047164
3310,1.9083447760384697
3311,1.2279321539411883
3312,0.9780931442648425
3313,1.6212957010911793
3314,0.6857283457074168
3315,0.8345686067911972
3316,1.2545107719918631
3317,0.37741637631958597
3318,0.8505157776216022
3319,0.6697811748770117
3320,0.7282541345884969
3321,2.1900781273756253
3322,0.5209409137932313
3323,0.7123069637580919
3324,0.37741637631958597
3325,1.2491950483817282
3326,0.5103094665729613
3327,0.24452328606621063
3328,0.5794138735047164
3329,0.5847295971148515
3330,0.3295748638283708
3331,0.2338918388459406
3332,0.5528352554540414
3333,0.8452000540114672
3334,0.4730994013020163
3335,0.7920428179101171
3336,0.5794138735047164
3337,1.6585057663621243
3338,1.0365661039763276
3339,0.6910440693175518
3340,0.8292528831810622
3341,0.7495170290290369
3342,1.5096655052783439
3343,0.6166239387756616
3344,1.2704579428222682
3345,0.29768052216756075
3346,0.765464199859442
3347,1.7701359621749595
3348,0.48373084852228626
3349,0.3508377582689109
3350,0.2870490749472907
3351,1.6744529371925294
3352,0.9727774206547075
3353,0.9196201845533574
3354,1.7913988566154995
3355,1.7435573441242844
3356,0.3189434166081008
3357,1.8179774746661748
3358,0.9887245914851125
3359,1.600032806650639
3360,1.180090641449973
3361,0.12757736664324032
3362,0.760148476249307
3363,1.3661409678046985
3364,0.8239371595709272
3365,1.0312503803661925
3366,1.265142219212133
3367,0.6166239387756616
3368,0.8505157776216022
3369,0.2285761152358056
3370,1.142880576179028
3371,0.744201305418902
3372,2.019974971851305
3373,1.6425585955317192
3374,2.163499509324951
3375,0.21262894440540056
3376,1.9880806301904954
3377,0.2232603916256706
3378,1.0897233400776778
3379,1.0206189331459226
3380,1.211984983110783
3381,0.5581509790641764
3382,1.2810893900425384
3383,0.776095647079712
3384,0.8452000540114672
3385,0.2657861805067507
3386,2.4186542426114315
3387,0.7282541345884969
3388,0.4093107179803961
3389,0.6910440693175518
3390,0.4305736124209361
3391,0.10099874859256526
3392,0.9674616970445725
3393,0.9089887373330874
3394,1.3767724150249685
3395,0.2870490749472907
3396,0.6219396623857966
3397,1.0525132748067327
3398,0.6378868332162017
3399,0.6166239387756616
3400,0.9249359081634924
3401,2.774807724490477
3402,1.217300706720918
3403,1.110986234518218
3404,0.3295748638283708
3405,0.8186214359607922
3406,0.7176226873682269
3407,0.7016755165378218
3408,0.23920756245607563
3409,0.3667849290993159
3410,0.49967801935269135
3411,1.6531900427519892
3412,1.956186288529685
3413,1.514981228888479
3414,0.29236479855742575
3415,2.0678164843425204
3416,0.7016755165378218
3417,0.8026742651303871
3418,0.6591497276567416
3419,0.6272553859959316
3420,1.7276101732938793
3421,0.5209409137932313
3422,0.33489058743850586
3423,0.7495170290290369
3424,0.7973585415202521
3425,1.610664253870909
3426,0.13820881386351036
3427,1.3342466261438886
3428,0.7016755165378218
3429,1.1163019581283529
3430,0.7548327526391719
3431,1.0206189331459226
3432,0.48904657213242125
3433,0.4146264415905311
3434,0.8877258428925474
3435,0.9143044609432224
3436,0.3508377582689109
3437,1.3023522844830784
3438,0.7973585415202521
3439,0.5156251901830963
3440,1.4937183344479388
3441,0.6113082151655266
3442,0.8398843304013323
3443,1.0631447220270027
3444,0.10099874859256526
3445,0.40399499437026104
3446,1.913660499648605
3447,1.504349781668209
3448,0.5049937429628263
3449,1.3129837317033484
3450,1.1163019581283529
3451,0.13289309025337534
3452,0.8824101192824123
3453,2.5090215439837262
3454,0.9249359081634924
3455,0.30299624577769574
3456,0.49436229574255625
3457,0.9940403150952477
3458,0.6059924915553915
3459,0.3242591402182358
3460,0.372100652709451
3461,0.781411370689847
3462,0.24452328606621063
3463,0.781411370689847
3464,0.2870490749472907
3465,0.7920428179101171
3466,0.8398843304013323
3467,0.36146920548918093
3468,0.6325711096060666
3469,1.2864051136526733
3470,0.8133057123506572
3471,1.185406365060108
3472,0.6485182804364716
3473,1.8020303038357695
3474,1.0737761692472727
3475,0.4571522304716112
3476,1.6691372135823943
3477,1.2226164303310532
3478,0.3455220346587759
3479,0.5422038082337713
3480,0.2657861805067507
3481,0.5847295971148515
3482,1.2226164303310532
3483,1.0153032095357877
3484,1.2598264956019982
3485,1.1641434706195681
3486,0.760148476249307
3487,1.562822741379694
3488,0.2338918388459406
3489,1.3555095205844285
3490,0.13289309025337534
3491,0.9674616970445725
3492,1.211984983110783
3493,0.1913660499648605
3494,1.4352453747364537
3495,0.2285761152358056
3496,0.9834088678749775
3497,1.1269334053486229
3498,1.169459194229703
3499,0.39867927076012605
